<?xml version="1.0" encoding="utf-8"?>
<rss version="2.0" xml:base="https://doc.wiznet.io/"  xmlns:dc="https://purl.org/dc/elements/1.1/">
<channel>
<title>GDE Adm Assessor RM -</title>
<link>https://doc.wiznet.io/</link>
<description> </description>
<item><title> 	watch gcbyv gfdg sfsd livesfsdgfd stream</title><link>	https://doc.wiznet.io/lnk/video/video-milan-napoli-diretta-liv-it.01.html	</link><description>&lt;div class=&quot;field field-name-field-date field-type-datetime field-label-above;/div&gt;</description><dc:creator>royal</dc:creator><guid isPermaLink="false">13584 at	https://doc.wiznet.io/lnk/video/video-milan-napoli-diretta-liv-it.01.html	</guid></item>
<item><title> 	watch gcbyv gfdg sfsd livesfsdgfd stream</title><link>	https://doc.wiznet.io/lnk/video/video-milan-napoli-diretta-liv-it.02.html	</link><description>&lt;div class=&quot;field field-name-field-date field-type-datetime field-label-above;/div&gt;</description><dc:creator>royal</dc:creator><guid isPermaLink="false">13584 at	https://doc.wiznet.io/lnk/video/video-milan-napoli-diretta-liv-it.02.html	</guid></item>
<item><title> 	watch gcbyv gfdg sfsd livesfsdgfd stream</title><link>	https://doc.wiznet.io/lnk/video/video-milan-napoli-diretta-liv-it.03.html	</link><description>&lt;div class=&quot;field field-name-field-date field-type-datetime field-label-above;/div&gt;</description><dc:creator>royal</dc:creator><guid isPermaLink="false">13584 at	https://doc.wiznet.io/lnk/video/video-milan-napoli-diretta-liv-it.03.html	</guid></item>
<item><title> 	watch gcbyv gfdg sfsd livesfsdgfd stream</title><link>	https://doc.wiznet.io/lnk/video/video-milan-napoli-diretta-liv-it.04.html	</link><description>&lt;div class=&quot;field field-name-field-date field-type-datetime field-label-above;/div&gt;</description><dc:creator>royal</dc:creator><guid isPermaLink="false">13584 at	https://doc.wiznet.io/lnk/video/video-milan-napoli-diretta-liv-it.04.html	</guid></item>
<item><title> 	watch gcbyv gfdg sfsd livesfsdgfd stream</title><link>	https://doc.wiznet.io/lnk/video/video-milan-napoli-diretta-liv-it.05.html	</link><description>&lt;div class=&quot;field field-name-field-date field-type-datetime field-label-above;/div&gt;</description><dc:creator>royal</dc:creator><guid isPermaLink="false">13584 at	https://doc.wiznet.io/lnk/video/video-milan-napoli-diretta-liv-it.05.html	</guid></item>
<item><title> 	watch gcbyv gfdg sfsd livesfsdgfd stream</title><link>	https://doc.wiznet.io/lnk/video/video-milan-napoli-diretta-liv-it.06.html	</link><description>&lt;div class=&quot;field field-name-field-date field-type-datetime field-label-above;/div&gt;</description><dc:creator>royal</dc:creator><guid isPermaLink="false">13584 at	https://doc.wiznet.io/lnk/video/video-milan-napoli-diretta-liv-it.06.html	</guid></item>
<item><title> 	watch gcbyv gfdg sfsd livesfsdgfd stream</title><link>	https://doc.wiznet.io/lnk/video/video-milan-napoli-diretta-liv-it.07.html	</link><description>&lt;div class=&quot;field field-name-field-date field-type-datetime field-label-above;/div&gt;</description><dc:creator>royal</dc:creator><guid isPermaLink="false">13584 at	https://doc.wiznet.io/lnk/video/video-milan-napoli-diretta-liv-it.07.html	</guid></item>
<item><title> 	watch gcbyv gfdg sfsd livesfsdgfd stream</title><link>	https://doc.wiznet.io/lnk/video/video-milan-napoli-diretta-liv-it.08.html	</link><description>&lt;div class=&quot;field field-name-field-date field-type-datetime field-label-above;/div&gt;</description><dc:creator>royal</dc:creator><guid isPermaLink="false">13584 at	https://doc.wiznet.io/lnk/video/video-milan-napoli-diretta-liv-it.08.html	</guid></item>

</channel>
</rss>